web-scraper-order,web-scraper-start-url,ICO,ICO-href
"1563092149-67","https://www.coingecko.com/en/ico","Mattereum","https://www.coingecko.com/en/ico/mattereum"
"1563092149-246","https://www.coingecko.com/en/ico","ONSTELLAR","https://www.coingecko.com/en/ico/onstellar"
"1563092149-27","https://www.coingecko.com/en/ico","illuminati Coin","https://www.coingecko.com/en/ico/illuminati-coin"
"1563092149-86","https://www.coingecko.com/en/ico","LegalThings One","https://www.coingecko.com/en/ico/legalthings-one"
"1563092149-107","https://www.coingecko.com/en/ico","Vault Guardian Token","https://www.coingecko.com/en/ico/vault-guardian-token"
"1563092149-181","https://www.coingecko.com/en/ico","Elements Estates","https://www.coingecko.com/en/ico/elements-estates"
"1563092149-318","https://www.coingecko.com/en/ico","NurseToken","https://www.coingecko.com/en/ico/nursetoken"
"1563092149-154","https://www.coingecko.com/en/ico","CoVEX Coin","https://www.coingecko.com/en/ico/covex-coin"
"1563092149-153","https://www.coingecko.com/en/ico","Ecta","https://www.coingecko.com/en/ico/ecta"
"1563092149-120","https://www.coingecko.com/en/ico","TokenAI","https://www.coingecko.com/en/ico/tokenai"
"1563092149-30","https://www.coingecko.com/en/ico","VOSAI","https://www.coingecko.com/en/ico/vosai"
"1563092149-29","https://www.coingecko.com/en/ico","YOUnited","https://www.coingecko.com/en/ico/younited"
"1563092149-92","https://www.coingecko.com/en/ico","Ncent","https://www.coingecko.com/en/ico/ncent"
"1563092149-148","https://www.coingecko.com/en/ico","Rise Token","https://www.coingecko.com/en/ico/rise-token"
"1563092149-172","https://www.coingecko.com/en/ico","CareParrot","https://www.coingecko.com/en/ico/careparrot"
"1563092149-326","https://www.coingecko.com/en/ico","Vega Intelligent Solutions","https://www.coingecko.com/en/ico/vega-intelligent-solutions"
"1563092149-209","https://www.coingecko.com/en/ico","Information Assurance Platform","https://www.coingecko.com/en/ico/information-assurance-platform"
"1563092149-222","https://www.coingecko.com/en/ico","Bolt","https://www.coingecko.com/en/ico/bolt"
"1563092149-213","https://www.coingecko.com/en/ico","Invech","https://www.coingecko.com/en/ico/invech"
"1563092149-188","https://www.coingecko.com/en/ico","Hey,be well!","https://www.coingecko.com/en/ico/hey-be-well"
"1563092149-196","https://www.coingecko.com/en/ico","ArtPro","https://www.coingecko.com/en/ico/artpro"
"1563092149-62","https://www.coingecko.com/en/ico","ContentBox","https://www.coingecko.com/en/ico/contentbox"
"1563092149-51","https://www.coingecko.com/en/ico","Medilot","https://www.coingecko.com/en/ico/medilot"
"1563092149-21","https://www.coingecko.com/en/ico","VIBELAND","https://www.coingecko.com/en/ico/vibeland"
"1563092149-289","https://www.coingecko.com/en/ico","StreamToken","https://www.coingecko.com/en/ico/streamtoken"
"1563092149-25","https://www.coingecko.com/en/ico","MedK","https://www.coingecko.com/en/ico/medk"
"1563092149-203","https://www.coingecko.com/en/ico","HydroMiner","https://www.coingecko.com/en/ico/hydrominer"
"1563092149-262","https://www.coingecko.com/en/ico","Impetus One","https://www.coingecko.com/en/ico/impetus-one"
"1563092149-75","https://www.coingecko.com/en/ico","Spitball","https://www.coingecko.com/en/ico/spitball"
"1563092149-164","https://www.coingecko.com/en/ico","Blockchain Agro Trading","https://www.coingecko.com/en/ico/blockchain-agro-trading"
"1563092149-22","https://www.coingecko.com/en/ico","LOVE Air Coffee","https://www.coingecko.com/en/ico/love-air-coffee"
"1563092149-155","https://www.coingecko.com/en/ico","SciDex","https://www.coingecko.com/en/ico/scidex"
"1563092149-207","https://www.coingecko.com/en/ico","EXSERION","https://www.coingecko.com/en/ico/exserion"
"1563092149-325","https://www.coingecko.com/en/ico","MONEYPOOL","https://www.coingecko.com/en/ico/moneypool"
"1563092149-15","https://www.coingecko.com/en/ico","Ferrum Network","https://www.coingecko.com/en/ico/ferrum-network"
"1563092149-142","https://www.coingecko.com/en/ico","The Forbidden Forest","https://www.coingecko.com/en/ico/the-forbidden-forest"
"1563092149-251","https://www.coingecko.com/en/ico","empowr Coin","https://www.coingecko.com/en/ico/empowr-coin"
"1563092149-48","https://www.coingecko.com/en/ico","Toda Network","https://www.coingecko.com/en/ico/toda-network"
"1563092149-330","https://www.coingecko.com/en/ico","WOLLO","https://www.coingecko.com/en/ico/wollo"
"1563092149-272","https://www.coingecko.com/en/ico","Dopameme Token Sale","https://www.coingecko.com/en/ico/dopameme-token-sale"
"1563092149-176","https://www.coingecko.com/en/ico","Everest","https://www.coingecko.com/en/ico/everest"
"1563092149-82","https://www.coingecko.com/en/ico","HINounou","https://www.coingecko.com/en/ico/hinounou"
"1563092149-215","https://www.coingecko.com/en/ico","Joint Ventures","https://www.coingecko.com/en/ico/joint-ventures"
"1563092149-253","https://www.coingecko.com/en/ico","Keep Network","https://www.coingecko.com/en/ico/keep-network"
"1563092149-32","https://www.coingecko.com/en/ico","Bytus","https://www.coingecko.com/en/ico/bytus"
"1563092149-57","https://www.coingecko.com/en/ico","Rublix","https://www.coingecko.com/en/ico/rublix"
"1563092149-47","https://www.coingecko.com/en/ico","WINBIX","https://www.coingecko.com/en/ico/winbix"
"1563092149-194","https://www.coingecko.com/en/ico","Fidelity Suite","https://www.coingecko.com/en/ico/fidelity-suite"
"1563092149-265","https://www.coingecko.com/en/ico","Tradelize","https://www.coingecko.com/en/ico/tradelize"
"1563092149-59","https://www.coingecko.com/en/ico","Wireline","https://www.coingecko.com/en/ico/wireline"
"1563092149-87","https://www.coingecko.com/en/ico","OceanEX Token","https://www.coingecko.com/en/ico/oceanex-token"
"1563092149-53","https://www.coingecko.com/en/ico","Perlin","https://www.coingecko.com/en/ico/perlin"
"1563092149-302","https://www.coingecko.com/en/ico","SpringRole","https://www.coingecko.com/en/ico/springrole"
"1563092149-202","https://www.coingecko.com/en/ico","Tontine Trust","https://www.coingecko.com/en/ico/tontine-trust"
"1563092149-199","https://www.coingecko.com/en/ico","Rizubot","https://www.coingecko.com/en/ico/rizubot"
"1563092149-9","https://www.coingecko.com/en/ico","UCBI Banking","https://www.coingecko.com/en/ico/ucbi-banking"
"1563092149-23","https://www.coingecko.com/en/ico","Asure Network","https://www.coingecko.com/en/ico/asure-network"
"1563092149-70","https://www.coingecko.com/en/ico","Guardium","https://www.coingecko.com/en/ico/guardium"
"1563092149-322","https://www.coingecko.com/en/ico","FoodCoin","https://www.coingecko.com/en/ico/foodcoin"
"1563092149-303","https://www.coingecko.com/en/ico","NuCypher","https://www.coingecko.com/en/ico/nucypher"
"1563092149-34","https://www.coingecko.com/en/ico","Telescopia","https://www.coingecko.com/en/ico/telescopia"
"1563092149-68","https://www.coingecko.com/en/ico","Monet","https://www.coingecko.com/en/ico/monet"
"1563092149-95","https://www.coingecko.com/en/ico","Dispatch Labs","https://www.coingecko.com/en/ico/dispatch-labs"
"1563092149-206","https://www.coingecko.com/en/ico","Honest","https://www.coingecko.com/en/ico/honest"
"1563092149-61","https://www.coingecko.com/en/ico","IotBlock","https://www.coingecko.com/en/ico/iotblock"
"1563092149-214","https://www.coingecko.com/en/ico","CRYPTO BIRDS PLATFORM","https://www.coingecko.com/en/ico/crypto-birds-platform"
"1563092149-211","https://www.coingecko.com/en/ico","Cubiex","https://www.coingecko.com/en/ico/cubiex"
"1563092149-305","https://www.coingecko.com/en/ico","Prizm","https://www.coingecko.com/en/ico/prizm"
"1563092149-304","https://www.coingecko.com/en/ico","Creator.ai","https://www.coingecko.com/en/ico/creator-ai"
"1563092149-16","https://www.coingecko.com/en/ico","BlockCart","https://www.coingecko.com/en/ico/blockcart"
"1563092149-273","https://www.coingecko.com/en/ico","OUNA","https://www.coingecko.com/en/ico/ouna"
"1563092149-52","https://www.coingecko.com/en/ico","Residual Token, Inc.","https://www.coingecko.com/en/ico/residual-token-inc"
"1563092149-241","https://www.coingecko.com/en/ico","ZANGLL","https://www.coingecko.com/en/ico/zangll"
"1563092149-306","https://www.coingecko.com/en/ico","CRWD Network","https://www.coingecko.com/en/ico/crwd-network"
"1563092149-12","https://www.coingecko.com/en/ico","WOX Network","https://www.coingecko.com/en/ico/wox-network"
"1563092149-31","https://www.coingecko.com/en/ico","Crypto-Potential","https://www.coingecko.com/en/ico/crypto-potential"
"1563092149-66","https://www.coingecko.com/en/ico","Little Phil","https://www.coingecko.com/en/ico/little-phil"
"1563092149-1","https://www.coingecko.com/en/ico","Evedo","https://www.coingecko.com/en/ico/evedo"
"1563092149-283","https://www.coingecko.com/en/ico","Oasis Labs","https://www.coingecko.com/en/ico/oasis-labs"
"1563092149-141","https://www.coingecko.com/en/ico","Thorchain","https://www.coingecko.com/en/ico/thorchain"
"1563092149-144","https://www.coingecko.com/en/ico","Door Of Future","https://www.coingecko.com/en/ico/door-of-future"
"1563092149-163","https://www.coingecko.com/en/ico","MultiVAC","https://www.coingecko.com/en/ico/multivac"
"1563092149-77","https://www.coingecko.com/en/ico","HyperQuant","https://www.coingecko.com/en/ico/hyperquant"
"1563092149-331","https://www.coingecko.com/en/ico","Chiliz","https://www.coingecko.com/en/ico/chiliz"
"1563092149-42","https://www.coingecko.com/en/ico","Golden Currency","https://www.coingecko.com/en/ico/golden-currency"
"1563092149-3","https://www.coingecko.com/en/ico","Algotrading","https://www.coingecko.com/en/ico/algotrading"
"1563092149-182","https://www.coingecko.com/en/ico","Blue Hill Foundation","https://www.coingecko.com/en/ico/blue-hill-foundation"
"1563092149-244","https://www.coingecko.com/en/ico","DINO Platform","https://www.coingecko.com/en/ico/dino-platform"
"1563092149-197","https://www.coingecko.com/en/ico","AmaStar","https://www.coingecko.com/en/ico/amastar"
"1563092149-268","https://www.coingecko.com/en/ico","Akasha","https://www.coingecko.com/en/ico/akasha"
"1563092149-227","https://www.coingecko.com/en/ico","Siacoin","https://www.coingecko.com/en/ico/siacoin"
"1563092149-239","https://www.coingecko.com/en/ico","TrustToken","https://www.coingecko.com/en/ico/trusttoken"
"1563092149-184","https://www.coingecko.com/en/ico","ASQProtocol","https://www.coingecko.com/en/ico/asqprotocol"
"1563092149-115","https://www.coingecko.com/en/ico","Talentchain","https://www.coingecko.com/en/ico/talentchain"
"1563092149-261","https://www.coingecko.com/en/ico","Beaxy","https://www.coingecko.com/en/ico/beaxy"
"1563092149-295","https://www.coingecko.com/en/ico","AffiliateCoin","https://www.coingecko.com/en/ico/affiliatecoin"
"1563092149-146","https://www.coingecko.com/en/ico","CitiCash","https://www.coingecko.com/en/ico/citicash"
"1563092149-327","https://www.coingecko.com/en/ico","Chromia","https://www.coingecko.com/en/ico/chromia"
"1563092149-259","https://www.coingecko.com/en/ico","ServisHeroCoin","https://www.coingecko.com/en/ico/servisherocoin"
"1563092149-216","https://www.coingecko.com/en/ico","Allabout.me","https://www.coingecko.com/en/ico/allabout-me"
"1563092149-13","https://www.coingecko.com/en/ico","Refine Medium","https://www.coingecko.com/en/ico/refine-medium"
"1563092149-271","https://www.coingecko.com/en/ico","TruePlay","https://www.coingecko.com/en/ico/trueplay"
"1563092149-234","https://www.coingecko.com/en/ico","Skye Properties","https://www.coingecko.com/en/ico/skye-properties"
"1563092149-19","https://www.coingecko.com/en/ico","Bulk Trader","https://www.coingecko.com/en/ico/bulk-trader"
"1563092149-157","https://www.coingecko.com/en/ico","XiWatt","https://www.coingecko.com/en/ico/xiwatt"
"1563092149-201","https://www.coingecko.com/en/ico","CentrumCoin","https://www.coingecko.com/en/ico/centrumcoin"
"1563092149-280","https://www.coingecko.com/en/ico","Sovrin","https://www.coingecko.com/en/ico/sovrin"
"1563092149-17","https://www.coingecko.com/en/ico","Second Life Coin","https://www.coingecko.com/en/ico/second-life-coin"
"1563092149-125","https://www.coingecko.com/en/ico","Harmony","https://www.coingecko.com/en/ico/harmony"
"1563092149-293","https://www.coingecko.com/en/ico","Certik","https://www.coingecko.com/en/ico/certik"
"1563092149-319","https://www.coingecko.com/en/ico","Promether","https://www.coingecko.com/en/ico/promether"
"1563092149-33","https://www.coingecko.com/en/ico","UCOIN Currency","https://www.coingecko.com/en/ico/ucoin-currency"
"1563092149-69","https://www.coingecko.com/en/ico","TIM","https://www.coingecko.com/en/ico/tim"
"1563092149-167","https://www.coingecko.com/en/ico","SonoCoin","https://www.coingecko.com/en/ico/sonocoin"
"1563092149-105","https://www.coingecko.com/en/ico","Layer Protocol","https://www.coingecko.com/en/ico/layer-protocol"
"1563092149-28","https://www.coingecko.com/en/ico","Shark Trade","https://www.coingecko.com/en/ico/shark-trade"
"1563092149-74","https://www.coingecko.com/en/ico","Hypernet","https://www.coingecko.com/en/ico/hypernet"
"1563092149-236","https://www.coingecko.com/en/ico","Waltix","https://www.coingecko.com/en/ico/waltix"
"1563092149-103","https://www.coingecko.com/en/ico","Wfee","https://www.coingecko.com/en/ico/wfee"
"1563092149-321","https://www.coingecko.com/en/ico","CodeTract","https://www.coingecko.com/en/ico/codetract"
"1563092149-296","https://www.coingecko.com/en/ico","Radix","https://www.coingecko.com/en/ico/radix"
"1563092149-218","https://www.coingecko.com/en/ico","FreitX","https://www.coingecko.com/en/ico/freitx"
"1563092149-219","https://www.coingecko.com/en/ico","Bubblo","https://www.coingecko.com/en/ico/bubblo"
"1563092149-97","https://www.coingecko.com/en/ico","eHealth First","https://www.coingecko.com/en/ico/ehealth-first"
"1563092149-145","https://www.coingecko.com/en/ico","Jura","https://www.coingecko.com/en/ico/jura"
"1563092149-225","https://www.coingecko.com/en/ico","Urbit Data","https://www.coingecko.com/en/ico/urbit-data"
"1563092149-263","https://www.coingecko.com/en/ico","Omega One","https://www.coingecko.com/en/ico/omega-one"
"1563092149-278","https://www.coingecko.com/en/ico","Decentralized News Network","https://www.coingecko.com/en/ico/decentralized-news-network"
"1563092149-91","https://www.coingecko.com/en/ico","Aenco","https://www.coingecko.com/en/ico/aenco"
"1563092149-88","https://www.coingecko.com/en/ico","Volentix","https://www.coingecko.com/en/ico/volentix"
"1563092149-139","https://www.coingecko.com/en/ico","Shyft Network","https://www.coingecko.com/en/ico/shyft-network"
"1563092149-156","https://www.coingecko.com/en/ico","Foresting","https://www.coingecko.com/en/ico/foresting"
"1563092149-243","https://www.coingecko.com/en/ico","TrueBit","https://www.coingecko.com/en/ico/truebit"
"1563092149-6","https://www.coingecko.com/en/ico","Koowtex","https://www.coingecko.com/en/ico/koowtex"
"1563092149-288","https://www.coingecko.com/en/ico","Cryptectum","https://www.coingecko.com/en/ico/cryptectum"
"1563092149-10","https://www.coingecko.com/en/ico","DeepCloud AI","https://www.coingecko.com/en/ico/deepcloud-ai"
"1563092149-290","https://www.coingecko.com/en/ico","Taraxa","https://www.coingecko.com/en/ico/taraxa"
"1563092149-126","https://www.coingecko.com/en/ico","TREMISS","https://www.coingecko.com/en/ico/tremiss"
"1563092149-323","https://www.coingecko.com/en/ico","White Rabbit","https://www.coingecko.com/en/ico/white-rabbit"
"1563092149-294","https://www.coingecko.com/en/ico","OpenFinance Network","https://www.coingecko.com/en/ico/openfinance-network"
"1563092149-237","https://www.coingecko.com/en/ico","Airchain Network","https://www.coingecko.com/en/ico/airchain-network"
"1563092149-37","https://www.coingecko.com/en/ico","BitCollar","https://www.coingecko.com/en/ico/bitcollar"
"1563092149-242","https://www.coingecko.com/en/ico","BUFF","https://www.coingecko.com/en/ico/buff"
"1563092149-238","https://www.coingecko.com/en/ico","MeFy","https://www.coingecko.com/en/ico/mefy"
"1563092149-185","https://www.coingecko.com/en/ico","Moviecoin","https://www.coingecko.com/en/ico/moviecoin"
"1563092149-186","https://www.coingecko.com/en/ico","Datafund","https://www.coingecko.com/en/ico/datafund"
"1563092149-173","https://www.coingecko.com/en/ico","EthereumCashPro","https://www.coingecko.com/en/ico/ethereumcashpro"
"1563092149-223","https://www.coingecko.com/en/ico","Dfinity [IOU]","https://www.coingecko.com/en/ico/dfinity-iou"
"1563092149-80","https://www.coingecko.com/en/ico","Emrify Health Passport","https://www.coingecko.com/en/ico/emrify-health-passport"
"1563092149-232","https://www.coingecko.com/en/ico","Hivemind","https://www.coingecko.com/en/ico/hivemind"
"1563092149-129","https://www.coingecko.com/en/ico","Firmo","https://www.coingecko.com/en/ico/firmo"
"1563092149-108","https://www.coingecko.com/en/ico","NOVAM","https://www.coingecko.com/en/ico/novam"
"1563092149-245","https://www.coingecko.com/en/ico","Coolomat Market","https://www.coingecko.com/en/ico/coolomat-market"
"1563092149-36","https://www.coingecko.com/en/ico","CryptoTeK Project","https://www.coingecko.com/en/ico/cryptotek-project"
"1563092149-266","https://www.coingecko.com/en/ico","AllpublicArt Token","https://www.coingecko.com/en/ico/allpublicart-token"
"1563092149-174","https://www.coingecko.com/en/ico","Spatium","https://www.coingecko.com/en/ico/spatium"
"1563092149-313","https://www.coingecko.com/en/ico","Holdvest","https://www.coingecko.com/en/ico/holdvest"
"1563092149-275","https://www.coingecko.com/en/ico","Decem","https://www.coingecko.com/en/ico/decem"
"1563092149-220","https://www.coingecko.com/en/ico","Orchid Protocol","https://www.coingecko.com/en/ico/orchid-protocol"
"1563092149-299","https://www.coingecko.com/en/ico","Blockchain Of Things Token","https://www.coingecko.com/en/ico/blockchain-of-things-token"
"1563092149-2","https://www.coingecko.com/en/ico","Swace","https://www.coingecko.com/en/ico/swace"
"1563092149-78","https://www.coingecko.com/en/ico","Marlin","https://www.coingecko.com/en/ico/marlin"
"1563092149-255","https://www.coingecko.com/en/ico","Deco.Network","https://www.coingecko.com/en/ico/deco-network"
"1563092149-43","https://www.coingecko.com/en/ico","Reef","https://www.coingecko.com/en/ico/reef"
"1563092149-152","https://www.coingecko.com/en/ico","KardiaChain","https://www.coingecko.com/en/ico/kardiachain"
"1563092149-240","https://www.coingecko.com/en/ico","Doctor Smart","https://www.coingecko.com/en/ico/doctor-smart"
"1563092149-96","https://www.coingecko.com/en/ico","Apollonia","https://www.coingecko.com/en/ico/apollonia"
"1563092149-189","https://www.coingecko.com/en/ico","Block Estates","https://www.coingecko.com/en/ico/block-estates"
"1563092149-217","https://www.coingecko.com/en/ico","ASOBI COIN","https://www.coingecko.com/en/ico/asobi-coin"
"1563092149-256","https://www.coingecko.com/en/ico","Choon","https://www.coingecko.com/en/ico/choon"
"1563092149-26","https://www.coingecko.com/en/ico","MoonCoinX","https://www.coingecko.com/en/ico/mooncoinx"
"1563092149-160","https://www.coingecko.com/en/ico","Trias","https://www.coingecko.com/en/ico/trias"
"1563092149-178","https://www.coingecko.com/en/ico","Bitsdaq Token","https://www.coingecko.com/en/ico/bitsdaq-token"
"1563092149-54","https://www.coingecko.com/en/ico","Chimpion","https://www.coingecko.com/en/ico/chimpion"
"1563092149-130","https://www.coingecko.com/en/ico","Fern Protocol","https://www.coingecko.com/en/ico/fern-network"
"1563092149-208","https://www.coingecko.com/en/ico","Coinerium","https://www.coingecko.com/en/ico/coinerium"
"1563092149-274","https://www.coingecko.com/en/ico","Qilimanjaro","https://www.coingecko.com/en/ico/qilimanjaro"
"1563092149-204","https://www.coingecko.com/en/ico","KIBIS","https://www.coingecko.com/en/ico/kibis"
"1563092149-56","https://www.coingecko.com/en/ico","EMP","https://www.coingecko.com/en/ico/emp"
"1563092149-117","https://www.coingecko.com/en/ico","Nousplatform","https://www.coingecko.com/en/ico/nousplatform"
"1563092149-235","https://www.coingecko.com/en/ico","SwissRealCoin","https://www.coingecko.com/en/ico/swissrealcoin"
"1563092149-114","https://www.coingecko.com/en/ico","Bloxia","https://www.coingecko.com/en/ico/bloxia"
"1563092149-257","https://www.coingecko.com/en/ico","PiedPiperCoin","https://www.coingecko.com/en/ico/piedpipercoin"
"1563092149-49","https://www.coingecko.com/en/ico","ACGN","https://www.coingecko.com/en/ico/acgn"
"1563092149-124","https://www.coingecko.com/en/ico","WinMiner","https://www.coingecko.com/en/ico/winminer"
"1563092149-286","https://www.coingecko.com/en/ico","Ultra","https://www.coingecko.com/en/ico/ultra"
"1563092149-324","https://www.coingecko.com/en/ico","Cognida","https://www.coingecko.com/en/ico/cognida"
"1563092149-269","https://www.coingecko.com/en/ico","Git Money","https://www.coingecko.com/en/ico/git-money"
"1563092149-170","https://www.coingecko.com/en/ico","Cogenero","https://www.coingecko.com/en/ico/cogenero"
"1563092149-121","https://www.coingecko.com/en/ico","Atlas Network","https://www.coingecko.com/en/ico/atlas-network"
"1563092149-4","https://www.coingecko.com/en/ico","CryptoWarsOU","https://www.coingecko.com/en/ico/cryptowarsou"
"1563092149-312","https://www.coingecko.com/en/ico","OWNDATA","https://www.coingecko.com/en/ico/owndata"
"1563092149-230","https://www.coingecko.com/en/ico","Beyond Seen Screen","https://www.coingecko.com/en/ico/beyond-seen-screen"
"1563092149-11","https://www.coingecko.com/en/ico","Wise Network","https://www.coingecko.com/en/ico/wise-network"
"1563092149-307","https://www.coingecko.com/en/ico","Pavocoin","https://www.coingecko.com/en/ico/pavocoin"
"1563092149-247","https://www.coingecko.com/en/ico","BASIS NEURO","https://www.coingecko.com/en/ico/basis-neuro"
"1563092149-329","https://www.coingecko.com/en/ico","MoonShard","https://www.coingecko.com/en/ico/moonshard"
"1563092149-193","https://www.coingecko.com/en/ico","Impresso","https://www.coingecko.com/en/ico/impresso"
"1563092149-198","https://www.coingecko.com/en/ico","2GETHER","https://www.coingecko.com/en/ico/2gether"
"1563092149-179","https://www.coingecko.com/en/ico","Matic Network","https://www.coingecko.com/en/ico/matic-network"
"1563092149-76","https://www.coingecko.com/en/ico","Sparrow","https://www.coingecko.com/en/ico/sparrow"
"1563092149-291","https://www.coingecko.com/en/ico","bloXroute","https://www.coingecko.com/en/ico/bloxroute"
"1563092149-65","https://www.coingecko.com/en/ico","COCOS BCX","https://www.coingecko.com/en/ico/cocos-bcx"
"1563092149-79","https://www.coingecko.com/en/ico","Magnachain","https://www.coingecko.com/en/ico/magnachain"
"1563092149-229","https://www.coingecko.com/en/ico","Hadron","https://www.coingecko.com/en/ico/hadron"
"1563092149-140","https://www.coingecko.com/en/ico","Alza","https://www.coingecko.com/en/ico/alza"
"1563092149-277","https://www.coingecko.com/en/ico","Votem","https://www.coingecko.com/en/ico/votem"
"1563092149-138","https://www.coingecko.com/en/ico","ETHA","https://www.coingecko.com/en/ico/etha"
"1563092149-136","https://www.coingecko.com/en/ico","Pointnity Network","https://www.coingecko.com/en/ico/pointnity-network"
"1563092149-210","https://www.coingecko.com/en/ico","Eleven01 Token Generation Event","https://www.coingecko.com/en/ico/eleven01-token-generation-event"
"1563092149-111","https://www.coingecko.com/en/ico","Libellum","https://www.coingecko.com/en/ico/libellum"
"1563092149-233","https://www.coingecko.com/en/ico","MyToken","https://www.coingecko.com/en/ico/mytoken"
"1563092149-328","https://www.coingecko.com/en/ico","PrepayWay","https://www.coingecko.com/en/ico/prepayway"
"1563092149-285","https://www.coingecko.com/en/ico","Rover Coin","https://www.coingecko.com/en/ico/rover-coin"
"1563092149-110","https://www.coingecko.com/en/ico","iLINK","https://www.coingecko.com/en/ico/ilink"
"1563092149-151","https://www.coingecko.com/en/ico","C2Legacy Technologies","https://www.coingecko.com/en/ico/c2legacy-technologies"
"1563092149-267","https://www.coingecko.com/en/ico","CruCoins","https://www.coingecko.com/en/ico/crucoins"
"1563092149-281","https://www.coingecko.com/en/ico","High Purity Quartz","https://www.coingecko.com/en/ico/high-purity-quartz"
"1563092149-166","https://www.coingecko.com/en/ico","2key","https://www.coingecko.com/en/ico/2key"
"1563092149-301","https://www.coingecko.com/en/ico","MulTra Token","https://www.coingecko.com/en/ico/multra-token"
"1563092149-20","https://www.coingecko.com/en/ico","XR Web","https://www.coingecko.com/en/ico/xr-web"
"1563092149-132","https://www.coingecko.com/en/ico","Peer Mountain","https://www.coingecko.com/en/ico/peer-mountain"
"1563092149-165","https://www.coingecko.com/en/ico","LoveBlock.one","https://www.coingecko.com/en/ico/loveblock-one"
"1563092149-282","https://www.coingecko.com/en/ico","Svandis","https://www.coingecko.com/en/ico/svandis"
"1563092149-311","https://www.coingecko.com/en/ico","BloomX","https://www.coingecko.com/en/ico/bloomx"
"1563092149-133","https://www.coingecko.com/en/ico","SBInvestitions","https://www.coingecko.com/en/ico/sbinvestitions"
"1563092149-159","https://www.coingecko.com/en/ico","Loom Network","https://www.coingecko.com/en/ico/loom-network"
"1563092149-55","https://www.coingecko.com/en/ico","RAYS Network","https://www.coingecko.com/en/ico/rays-network"
"1563092149-177","https://www.coingecko.com/en/ico","XResearch","https://www.coingecko.com/en/ico/xresearch"
"1563092149-18","https://www.coingecko.com/en/ico","PlayerWonCoin","https://www.coingecko.com/en/ico/playerwoncoin"
"1563092149-39","https://www.coingecko.com/en/ico","Gingr","https://www.coingecko.com/en/ico/gingr"
"1563092149-226","https://www.coingecko.com/en/ico","Orvium","https://www.coingecko.com/en/ico/orvium"
"1563092149-150","https://www.coingecko.com/en/ico","Airgeadcoin","https://www.coingecko.com/en/ico/airgeadcoin"
"1563092149-143","https://www.coingecko.com/en/ico","Haja","https://www.coingecko.com/en/ico/haja"
"1563092149-231","https://www.coingecko.com/en/ico","Vite","https://www.coingecko.com/en/ico/vite"
"1563092149-104","https://www.coingecko.com/en/ico","EtainPower","https://www.coingecko.com/en/ico/etainpower"
"1563092149-195","https://www.coingecko.com/en/ico","BGT","https://www.coingecko.com/en/ico/bgt"
"1563092149-24","https://www.coingecko.com/en/ico","ICOCoinlab","https://www.coingecko.com/en/ico/icocoinlab"
"1563092149-40","https://www.coingecko.com/en/ico","Bitwala","https://www.coingecko.com/en/ico/bitwala"
"1563092149-147","https://www.coingecko.com/en/ico","Quoin Block","https://www.coingecko.com/en/ico/quoin-block"
"1563092149-60","https://www.coingecko.com/en/ico","Zelerius","https://www.coingecko.com/en/ico/zelerius"
"1563092149-168","https://www.coingecko.com/en/ico","Omnilytics Platform","https://www.coingecko.com/en/ico/omnilytics-platform"
"1563092149-297","https://www.coingecko.com/en/ico","DineroONE","https://www.coingecko.com/en/ico/dineroone"
"1563092149-212","https://www.coingecko.com/en/ico","Dapp.com","https://www.coingecko.com/en/ico/dapp-com"
"1563092149-315","https://www.coingecko.com/en/ico","SamBanx","https://www.coingecko.com/en/ico/sambanx"
"1563092149-90","https://www.coingecko.com/en/ico","Lambda","https://www.coingecko.com/en/ico/lambda"
"1563092149-71","https://www.coingecko.com/en/ico","KRATOS","https://www.coingecko.com/en/ico/kratos"
"1563092149-279","https://www.coingecko.com/en/ico","Loomia","https://www.coingecko.com/en/ico/loomia"
"1563092149-171","https://www.coingecko.com/en/ico","Land Layby","https://www.coingecko.com/en/ico/land-layby"
"1563092149-44","https://www.coingecko.com/en/ico","Limitless Capital Funds","https://www.coingecko.com/en/ico/limitless-capital-funds"
"1563092149-135","https://www.coingecko.com/en/ico","Genomequity","https://www.coingecko.com/en/ico/genomequity"
"1563092149-106","https://www.coingecko.com/en/ico","Denarii Cash","https://www.coingecko.com/en/ico/denarii-cash"
"1563092149-264","https://www.coingecko.com/en/ico","SLP Network","https://www.coingecko.com/en/ico/slp-network"
"1563092149-298","https://www.coingecko.com/en/ico","TopiaCoin","https://www.coingecko.com/en/ico/topiacoin"
"1563092149-41","https://www.coingecko.com/en/ico","Geco.one","https://www.coingecko.com/en/ico/geco-one"
"1563092149-248","https://www.coingecko.com/en/ico","Fluence","https://www.coingecko.com/en/ico/fluence"
"1563092149-84","https://www.coingecko.com/en/ico","Liquid8","https://www.coingecko.com/en/ico/liquid8"
"1563092149-191","https://www.coingecko.com/en/ico","Bluebelt","https://www.coingecko.com/en/ico/bluebelt"
"1563092149-292","https://www.coingecko.com/en/ico","NOIA Network","https://www.coingecko.com/en/ico/noia-network"
"1563092149-192","https://www.coingecko.com/en/ico","EOT Protocol","https://www.coingecko.com/en/ico/eot-protocol"
"1563092149-5","https://www.coingecko.com/en/ico","Bitzon","https://www.coingecko.com/en/ico/bitzon"
"1563092149-169","https://www.coingecko.com/en/ico","Moon Money Chain","https://www.coingecko.com/en/ico/moon-money-chain"
"1563092149-287","https://www.coingecko.com/en/ico","Varyon by Blue Frontiers","https://www.coingecko.com/en/ico/varyon-by-blue-frontiers"
"1563092149-109","https://www.coingecko.com/en/ico","SmartPesa","https://www.coingecko.com/en/ico/smartpesa"
"1563092149-254","https://www.coingecko.com/en/ico","Freerange","https://www.coingecko.com/en/ico/freerange"
"1563092149-308","https://www.coingecko.com/en/ico","Nervos","https://www.coingecko.com/en/ico/nervos"
"1563092149-221","https://www.coingecko.com/en/ico","Emotiq","https://www.coingecko.com/en/ico/emotiq"
"1563092149-122","https://www.coingecko.com/en/ico","SelfieYo Gold Token","https://www.coingecko.com/en/ico/selfieyo-gold-token"
"1563092149-158","https://www.coingecko.com/en/ico","Esprezzo","https://www.coingecko.com/en/ico/esprezzo"
"1563092149-205","https://www.coingecko.com/en/ico","UKasii","https://www.coingecko.com/en/ico/ukasii"
"1563092149-72","https://www.coingecko.com/en/ico","OmnesCoin","https://www.coingecko.com/en/ico/omnescoin"
"1563092149-8","https://www.coingecko.com/en/ico","Akropolis","https://www.coingecko.com/en/ico/akropolis"
"1563092149-14","https://www.coingecko.com/en/ico","Bitenny","https://www.coingecko.com/en/ico/bitenny"
"1563092149-102","https://www.coingecko.com/en/ico","BitleagueCoin","https://www.coingecko.com/en/ico/bitleaguecoin"
"1563092149-260","https://www.coingecko.com/en/ico","Emx","https://www.coingecko.com/en/ico/emx"
"1563092149-113","https://www.coingecko.com/en/ico","Binkabi","https://www.coingecko.com/en/ico/binkabi"
"1563092149-98","https://www.coingecko.com/en/ico","VeryFile","https://www.coingecko.com/en/ico/veryfile"
"1563092149-310","https://www.coingecko.com/en/ico","Delicia","https://www.coingecko.com/en/ico/delicia"
"1563092149-284","https://www.coingecko.com/en/ico","Dench Music","https://www.coingecko.com/en/ico/dench-music"
"1563092149-50","https://www.coingecko.com/en/ico","Taxa","https://www.coingecko.com/en/ico/taxa"
"1563092149-131","https://www.coingecko.com/en/ico","Marconi","https://www.coingecko.com/en/ico/marconi"
"1563092149-35","https://www.coingecko.com/en/ico","Cryptoriyal","https://www.coingecko.com/en/ico/cryptoriyal"
"1563092149-83","https://www.coingecko.com/en/ico","STAYGE","https://www.coingecko.com/en/ico/stayge"
"1563092149-228","https://www.coingecko.com/en/ico","Health Cash","https://www.coingecko.com/en/ico/health-cash"
"1563092149-100","https://www.coingecko.com/en/ico","Fr8 Network","https://www.coingecko.com/en/ico/fr8-network"
"1563092149-162","https://www.coingecko.com/en/ico","EOS AUCTION PLATFORM","https://www.coingecko.com/en/ico/eos-auction-platform"
"1563092149-63","https://www.coingecko.com/en/ico","The Power","https://www.coingecko.com/en/ico/the-power"
"1563092149-320","https://www.coingecko.com/en/ico","TillBilly","https://www.coingecko.com/en/ico/tillbilly"
"1563092149-249","https://www.coingecko.com/en/ico","Qorio","https://www.coingecko.com/en/ico/qorio"
"1563092149-224","https://www.coingecko.com/en/ico","bZx","https://www.coingecko.com/en/ico/b0x"
"1563092149-250","https://www.coingecko.com/en/ico","Origin Protocol","https://www.coingecko.com/en/ico/origin-protocol"
"1563092149-134","https://www.coingecko.com/en/ico","Kambria","https://www.coingecko.com/en/ico/kambria"
"1563092149-101","https://www.coingecko.com/en/ico","ComBox ICO","https://www.coingecko.com/en/ico/combox-ico"
"1563092149-175","https://www.coingecko.com/en/ico","Nebula","https://www.coingecko.com/en/ico/nebula"
"1563092149-99","https://www.coingecko.com/en/ico","AIDUS COIN","https://www.coingecko.com/en/ico/aidus-coin"
"1563092149-270","https://www.coingecko.com/en/ico","Hedge Coin Capital","https://www.coingecko.com/en/ico/hedge-coin-capital"
"1563092149-149","https://www.coingecko.com/en/ico","Beyond Protocol","https://www.coingecko.com/en/ico/beyond-protocol"
"1563092149-58","https://www.coingecko.com/en/ico","Ludos Protocol","https://www.coingecko.com/en/ico/ludos-protocol"
"1563092149-309","https://www.coingecko.com/en/ico","Fluzcoin","https://www.coingecko.com/en/ico/fluzcoin"
"1563092149-116","https://www.coingecko.com/en/ico","Raven Protocol","https://www.coingecko.com/en/ico/raven-protocol"
"1563092149-119","https://www.coingecko.com/en/ico","Luna","https://www.coingecko.com/en/ico/luna"
"1563092149-252","https://www.coingecko.com/en/ico","MobileBridge Momentum","https://www.coingecko.com/en/ico/mobilebridge-momentum"
"1563092149-123","https://www.coingecko.com/en/ico","IRIS Network","https://www.coingecko.com/en/ico/iris-network"
"1563092149-300","https://www.coingecko.com/en/ico","Linker Coin","https://www.coingecko.com/en/ico/linker-coin"
"1563092149-81","https://www.coingecko.com/en/ico","AmericansBitcoin","https://www.coingecko.com/en/ico/americansbitcoin"
"1563092149-137","https://www.coingecko.com/en/ico","Quantler","https://www.coingecko.com/en/ico/quantler"
"1563092149-187","https://www.coingecko.com/en/ico","MARKET Protocol","https://www.coingecko.com/en/ico/market-protocol"
"1563092149-180","https://www.coingecko.com/en/ico","New York City Real Estate Coin","https://www.coingecko.com/en/ico/new-york-city-real-estate-coin"
"1563092149-127","https://www.coingecko.com/en/ico","PlutusX","https://www.coingecko.com/en/ico/plutusx"
"1563092149-200","https://www.coingecko.com/en/ico","GoRecruit","https://www.coingecko.com/en/ico/gorecruit"
"1563092149-276","https://www.coingecko.com/en/ico","Solana","https://www.coingecko.com/en/ico/solana"
"1563092149-46","https://www.coingecko.com/en/ico","DCashcoin.org","https://www.coingecko.com/en/ico/dcashcoin-org"
"1563092149-73","https://www.coingecko.com/en/ico","Symbioses","https://www.coingecko.com/en/ico/symbioses"
"1563092149-128","https://www.coingecko.com/en/ico","Bitozz Exchange","https://www.coingecko.com/en/ico/bitozz-exchange"
"1563092149-161","https://www.coingecko.com/en/ico","Helios Neural Network","https://www.coingecko.com/en/ico/helios-neural-network"
"1563092149-316","https://www.coingecko.com/en/ico","Xsure","https://www.coingecko.com/en/ico/xsure"
"1563092149-7","https://www.coingecko.com/en/ico","Monart","https://www.coingecko.com/en/ico/monart"
"1563092149-94","https://www.coingecko.com/en/ico","Olam","https://www.coingecko.com/en/ico/olam"
"1563092149-45","https://www.coingecko.com/en/ico","Odds","https://www.coingecko.com/en/ico/odds"
"1563092149-38","https://www.coingecko.com/en/ico","Fieldcoin","https://www.coingecko.com/en/ico/fieldcoin"
"1563092149-89","https://www.coingecko.com/en/ico","Extauri Exchange","https://www.coingecko.com/en/ico/extauri-exchange"
"1563092149-317","https://www.coingecko.com/en/ico","Ommer","https://www.coingecko.com/en/ico/ommer"
"1563092149-93","https://www.coingecko.com/en/ico","LendLedger","https://www.coingecko.com/en/ico/lendledger"
"1563092149-190","https://www.coingecko.com/en/ico","PropPush","https://www.coingecko.com/en/ico/proppush"
"1563092149-64","https://www.coingecko.com/en/ico","Tenup","https://www.coingecko.com/en/ico/tenup"
"1563092149-118","https://www.coingecko.com/en/ico","GovBlocks","https://www.coingecko.com/en/ico/govblocks"
"1563092149-85","https://www.coingecko.com/en/ico","EOS Sports Bets","https://www.coingecko.com/en/ico/eos-sports-bets"
"1563092149-314","https://www.coingecko.com/en/ico","CoinPayo","https://www.coingecko.com/en/ico/coinpayo"
"1563092149-183","https://www.coingecko.com/en/ico","Fonder","https://www.coingecko.com/en/ico/fonder"
"1563092149-258","https://www.coingecko.com/en/ico","Coda Protocol","https://www.coingecko.com/en/ico/coda-protocol"
"1563092149-112","https://www.coingecko.com/en/ico","AuditChain","https://www.coingecko.com/en/ico/auditchain"
